<?xml version="1.0" encoding="utf-8" ?>
<extension type="package" version="4.x" method="upgrade">
 <identifier>pkg:giza</identifier>
 <name>Giza Package</name>
 <author>KWProductions Co.</author>
 <creationDate>Feb 2023</creationDate>
 <license>GNU/GPLv3 http://www.gnu.org/licenses/gpl-3.0.html</license>
 <packagename>giza</packagename>
 <version>1.0.0</version>
 <url>http://www.myextenstions.lord121.ir</url>
 <packager>Kian William Nowrouzian</packager>
 <packagerurl>http://www.mextenstions.kwproductions121.ir</packagerurl>
 <description><![CDATA[<div style="color:#fff; background-color:#f015d9; padding:5px;">The complete package of Pyramid of Giza including both component and module, Enjoy! and in case of any question just email me.</div> ]]></description>
 <update>http://www.extenstions.kwproductions121.ir</update>
 <files>
   <file type="component" id="com_giza">admin.zip</file>
   <file type="module" id="mod_giza" client="site">modules.zip</file>   
</files>
 </extension>